School,City,State,County,Metro Area,Latitude,Longitude,Applications,Admitted,Acceptance Rate,Enrolled at UM,Yield,Enrollment,Mean SAT,Mean ACT,# of APs,IB Offered?,Population,Median Income,% Qualify for Reduced or Free Lunch,% White,% Black,% Hispanic,% Asian,% American Indian,% Pacific Islander,%Other/Multirace,Type,Notes,Check
International Academy,Bloomfield Twp,Michigan,Oakland,Detroit,42.6046236,-83.223386,298,169,0.57,118,0.70,1527,1332,29.7,0,Yes,1257584,76387,0.11,0.48,0.03,0.02,0.43,0.00,0.00,0.03,Public Magnet,"Population and Income for Oakland County, MI",1.00
Bronx High School Of Science,Bronx,New York,Bronx,New York,40.8783886,-73.890955,291,150,0.52,56,0.37,3020,1430,33,20,No,8336817,60762,0.43,0.22,0.03,0.07,0.64,0.01,0.01,0.02,Public Magnet,Population and Income for New York City,1.00
Northville High School,Northville,Michigan,Oakland,Detroit,42.411892,-83.495382,241,133,0.55,101,0.76,2500,1206,,21,Yes,5958,111169,0.06,0.71,0.03,0.03,0.21,0.00,0.00,0.02,Public,,1.00
Novi High School,Novi,Michigan,Oakland,Detroit,42.462694,-83.491143,219,108,0.49,85,0.79,2070,1206,,22,Yes,60896,92410,0.09,0.46,0.09,0.04,0.40,0.00,0.00,0.02,Public,,1.00
Adlai E Stevenson High School,Lincolnshire,Illinois,Lake,Chicago,42.2016572,-87.945427,214,45,0.21,16,0.36,4261,1260,28.6,31,No,7893,114826,0.05,0.55,0.02,0.08,0.32,0.00,0.00,0.03,Public,,1.00
Stuyvesant High School,New York,New York,New York,New York,40.7179876,-74.013842,212,80,0.38,31,0.39,3319,1470,32,31,No,8336817,60762,0.43,0.19,0.01,0.03,0.73,0.00,0.01,0.04,Public Magnet,,1.00
Troy High School,Troy,Michigan,Oakland,Detroit,42.5878816,-83.179947,205,103,0.50,82,0.80,2050,1232,,29,No,84092,97048,0.13,0.48,0.04,0.04,0.41,0.00,0.00,0.04,Public,,1.00
Pioneer High School,Ann Arbor,Michigan,Washtenaw,Ann Arbor,42.2609985,-83.753659,204,98,0.48,78,0.80,1956,1161,,21,No,119980,63956,0.21,0.53,0.15,0.08,0.14,0.00,0.00,0.10,Public,,1.00
New Trier High School,Winnetka,Illinois,Cook,Chicago,42.0950608,-87.718018,200,38,0.19,16,0.42,3978,1240,27.8,30,No,12316,220577,0.04,0.80,0.01,0.05,0.09,0.00,0.00,0.05,Public,,1.00
Cranbrook Kingswood School,Bloomfield Twp,Michigan,Oakland,Detroit,42.555408,-83.220383,178,80,0.45,45,0.56,1581,1370,,15,No,,,,0.64,0.06,0.02,0.16,0.00,0.00,0.12,Private Boarding,Enrollment and Race Numbers are for all Grades,1.00
Huron High School,Ann Arbor,Michigan,Washtenaw,Ann Arbor,42.2809899,-83.703276,176,93,0.53,67,0.72,1720,1137,,25,Yes,119980,63956,0.28,0.39,0.19,0.09,0.21,0.00,0.00,0.10,Public,,1.00
Bloomfield Hills High School,Bloomfield Twp,Michigan,Oakland,Detroit,42.578367,-83.286045,169,75,0.44,61,0.81,1777,1110,25.6,18,Yes,4009,174750,0.12,0.74,0.09,0.03,0.09,0.00,0.00,0.05,Public,,1.00
Rochester Adams High School,Rochester Hills,Michigan,Oakland,Detroit,42.6962892,-83.198216,161,78,0.48,62,0.79,1586,1236,,23,No,74516,90961,0.04,0.72,0.04,0.04,0.15,0.00,0.00,0.04,Public,,1.00
Saline High School,Saline,Michigan,Washtenaw,Ann Arbor,42.1886415,-83.749415,149,53,0.36,40,0.75,1774,1149,27.1,19,No,9343,78117,0.09,0.87,0.02,0.02,0.05,0.01,0.00,0.03,Public,,1.00
Brooklyn Technical High School,Brooklyn,New York,Kings,New York,40.6887573,-73.976409,143,36,0.25,20,0.56,5934,1365,28.9,28,No,8336817,60762,0.59,0.24,0.06,0.07,0.60,0.01,0.01,0.01,Public Magnet,,1.00
Lane Technical High School,Chicago,Illinois,Cook,Chicago,41.9451737,-87.690724,141,42,0.30,17,0.40,4517,1280,23,35,No,2693976,55577,0.44,0.37,0.08,0.40,0.11,0.00,0.00,0.03,Public Magnet,,1.00
Detroit Country Day School,Beverly Hills,Michigan,Oakland,Detroit,42.512601,-83.264579,137,81,0.59,49,0.60,1480,1420,29.7,29,No,,,,0.77,0.04,0.04,0.09,0.00,0.00,0.06,Private Secular,Two Entries for Detroit Country Day in Database,1.00
Skyline High School,Ann Arbor,Michigan,Washtenaw,Ann Arbor,42.3056825,-83.780197,137,58,0.42,43,0.74,1451,1164,,20,No,119980,63956,0.21,0.59,0.15,0.06,0.10,0.00,0.00,0.10,Public,,1.00
Thomas Jefferson Hs Sci/Tec,Alexandria,Virginia,None,"Washington, D.C.",38.8388421,-77.111065,137,45,0.33,17,0.38,1781,1515,33.9,27,No,2231291,120603.2,0.02,0.21,0.02,0.02,0.70,0.00,0.00,0.05,Public Magnet,"Population and Income are for Arlington, Fairfax, Loudoun, and Prince William Counties, plus Falls Church",1.00
Grosse Pointe South Hs,Grosse Pointe,Michigan,Wayne,Detroit,42.39242,-82.903807,135,54,0.40,39,0.72,1542,1169,25.8,22,No,5154,108083,0.10,0.86,0.07,0.03,0.01,0.00,0.00,0.03,Public,,1.00
Non Michigan Home Schools,Ann Arbor,Michigan,,,0,0,132,21,0.16,8,0.38,,,,,,,,,,,,,,,,Private Secular,,0.00
Monta Vista High School,Cupertino,California,Santa Clara,San Jose,37.3136964,-122.05675,129,12,0.09,5,0.42,2274,1411,31,19,No,59276,163954,0.05,0.12,0.00,0.03,0.80,0.00,0.00,0.04,Public,,1.00
Seaholm High School,Birmingham,Michigan,Oakland,Detroit,42.539566,-83.243033,125,45,0.36,35,0.78,1309,1142,26,24,No,21389,117670,0.07,0.88,0.03,0.00,0.04,0.00,0.00,0.05,Public,,1.00
Okemos High School,Okemos,Michigan,Ingham,Lansing,42.6854268,-84.455099,125,43,0.34,31,0.72,1396,1155,,15,No,23912,78080,0.22,0.60,0.07,0.06,0.21,0.00,0.00,0.05,Public,,1.00
Whitney M Young Magnet Hs,Chicago,Illinois,Cook,Chicago,41.8781921,-87.663108,125,47,0.38,12,0.26,2208,1279,,33,No,2693976,80261,0.38,0.28,0.21,0.29,0.17,0.00,0.01,0.04,Public Magnet,Income for ZIP Code 60618,1.00
Palo Alto Senior High School,Palo Alto,California,Santa Clara,San Jose,37.4358242,-122.15533,123,33,0.27,12,0.36,2124,1331,28.2,23,No,65364,151720,0.08,0.45,0.02,0.12,0.33,0.00,0.01,0.06,Public,,1.00
Hinsdale Central High School,Hinsdale,Illinois,DuPage,Chicago,41.7876875,-87.933902,123,22,0.18,6,0.27,2728,1252,28,31,No,17637,188684,0.06,0.69,0.02,0.07,0.19,0.00,0.00,0.03,Public,,1.00
Scarsdale High School,Scarsdale,New York,Westchester,New York,40.9945302,-73.793268,121,28,0.23,12,0.43,1530,1381,31,16,No,17871,250001,0.00,0.68,0.01,0.08,0.17,0.00,0.00,0.06,Public,,1.00
Henry M Gunn High School,Palo Alto,California,Santa Clara,San Jose,37.4024239,-122.13394,119,26,0.22,6,0.23,2006,1377,28.9,26,No,65364,151720,0.07,0.37,0.01,0.09,0.44,0.00,0.01,0.08,Public,,1.00
Dougherty Valley High School,San Ramon,California,Contra Costa,San Francisco,37.7694191,-121.90371,119,11,0.09,1,0.09,3331,1321,29.2,24,No,75995,151026,0.07,0.12,0.03,0.05,0.75,0.00,0.00,0.05,Public,,1.00
Cass Technical High School,Detroit,Michigan,Wayne,Detroit,42.3385621,-83.06104,117,45,0.38,33,0.73,2393,1005.2,,3,Yes,670031,29481,0.71,0.02,0.80,0.08,0.10,0.00,0.00,0.00,Public,,1.00
Canyon Crest Academy,San Diego,California,San Diego,San Diego,32.9582439,-117.18901,114,24,0.21,11,0.46,2572,1395,28.2,26,No,48940,127968,0.06,0.54,0.01,0.08,0.34,0.00,0.00,0.04,Public,SAT and ACT scores listed are means; Income and Population are for ZIP Code 92130,1.00
Evanston Township High School,Evanston,Illinois,Cook,Chicago,42.0462443,-87.702181,113,27,0.24,8,0.30,3514,1079,,34,No,73473,77848,0.36,0.46,0.27,0.18,0.06,0.00,0.00,0.02,Public,,1.00
Wylie E Groves High School,Beverly Hills,Michigan,Oakland,Detroit,42.5178899,-83.244425,110,46,0.42,37,0.80,1251,1140,25.7,22,No,10352,116107,0.13,0.68,0.23,0.00,0.02,0.01,0.00,0.05,Public,,1.00
Lake Orion High School,Lake Orion,Michigan,Oakland,Detroit,42.7548486,-83.232985,110,27,0.25,13,0.48,2326,1060,,20,No,3131,79861,0.20,0.82,0.03,0.08,0.03,0.00,0.00,0.04,Public,,1.00
Neuqua Valley High School,Naperville,Illinois,Will,Chicago,41.7074337,-88.197339,110,11,0.10,3,0.27,3565,1220,27.4,25,No,148449,118187,0.09,0.55,0.06,0.07,0.29,0.00,0.00,0.04,Public,,1.00
West Bloomfield High School,West Bloomfield,Michigan,Oakland,Detroit,42.5676861,-83.359939,108,49,0.45,39,0.80,1812,1047,,25,No,65610,100139,0.32,0.47,0.37,0.04,0.08,0.00,0.00,0.04,Public,,1.00
Walt Whitman High School,Bethesda,Maryland,Montgomery,"Washington, D.C.",38.981763,-77.126891,107,17,0.16,8,0.47,2098,1322,29,31,No,62448,159431,0.02,0.69,0.04,0.08,0.14,0.00,0.00,0.06,Public,,1.00
Canton High School,Canton,Michigan,Wayne,Detroit,42.1661253,-71.148504,106,26,0.25,19,0.73,1976,1135,,21,Yes,93704,89991,0.19,0.67,0.09,0.05,0.16,0.00,0.00,0.03,Public,,1.00
Stoney Creek High School,Rochester Hills,Michigan,Oakland,Detroit,42.6995267,-83.121924,103,46,0.45,33,0.72,1599,1162,25.9,21,No,74516,90961,0.11,0.83,0.02,0.06,0.06,0.00,0.00,0.03,Public,,1.00
Salem High School,Canton,Michigan,Wayne,Detroit,42.3497285,-83.495617,102,36,0.35,32,0.89,2016,1136,,21,Yes,93704,89991,0.17,0.65,0.09,0.04,0.17,0.00,0.00,0.04,Public,,1.00
Oak Park & River Forest Hs,Oak Park,Illinois,Cook,Chicago,41.8900346,-87.788889,102,23,0.23,10,0.43,3399,1135,,25,No,52381,91945,0.16,0.56,0.20,0.12,0.04,0.00,0.00,0.09,Public,,1.00
Winston Churchill High School,Livonia,Michigan,Wayne,Detroit,42.3542309,-83.410379,102,27,0.26,7,0.26,1396,1095,,13,No,93665,76819,0.31,0.70,0.15,0.05,0.06,0.00,0.00,0.03,Public,,1.00
Winston Churchill High School,Potomac,Maryland,Montgomery,"Washington, D.C.",39.0433602,-77.173705,102,27,0.26,7,0.26,2227,1317,29,31,No,45824,188104,0.04,0.49,0.09,0.08,0.29,0.00,0.00,0.05,Public,,1.00
Harvard-Westlake School,Los Angeles,California,Los Angeles,Los Angeles,34.0892965,-118.43498,102,32,0.31,5,0.16,1602,1447,33,28,No,,,,0.54,0.07,0.08,0.21,0.01,0.00,0.08,Private Secular,Percentages are for Grades 7-12,1.00
Lexington High School,Lexington,Massachusetts,Middlesex,Boston,42.4452203,-71.234126,99,15,0.15,4,0.27,2263,1345,,21,No,31394,172750,,0.49,0.04,0.04,0.38,0.00,0.00,0.05,Public,,1.00
Hunter College High School,New York,New York,New York,New York,40.7854696,-73.95377,99,25,0.25,1,0.04,441,1510,,19,No,8336817,60762,,,,,,,,,Public Magnet,,0.00
Horace Greeley High School,Chappaqua,New York,Westchester,New York,41.1745396,-73.757633,95,42,0.44,18,0.43,1247,1347,29,20,No,17801,228714,0.05,0.77,0.01,0.05,0.12,0.00,0.00,0.04,Public,,1.00
Staples High School,Westport,Connecticut,Fairfield,New York,41.1546672,-73.327696,95,23,0.24,11,0.48,1858,1234,28.6,25,No,27840,187988,0.04,0.84,0.02,0.06,0.06,0.00,0.00,0.02,Public,,1.00
Jones College Prep,Chicago,Illinois,Cook,Chicago,41.8740031,-87.628104,92,27,0.29,11,0.41,1908,1278,,24,No,2718555,75426,0.37,0.38,0.12,0.29,0.14,0.00,0.01,0.06,Public,,1.00
North Farmington High School,Farmington Hills,Michigan,Oakland,Detroit,42.5156387,-83.375793,91,37,0.41,23,0.62,1301,1054,,21,No,91103,76046.5,0.22,0.57,0.25,0.03,0.10,0.00,0.00,0.05,Public,Income and Population are for Farmington and Farmington Hills,1.00
Interlochen Arts Academy,Interlochen,Michigan,Grand Traverse,Traverse City,44.6292611,-85.767065,91,18,0.20,8,0.44,,1206,25.5,2,No,,,,,,,,,,,Private Secular,Population and Income are for Green Lake Twp,0.00
Cupertino High School,Cupertino,California,Santa Clara,San Jose,37.3193238,-122.00911,91,12,0.13,4,0.33,2305,1355,,19,No,59276,163954,0.09,0.13,0.01,0.09,0.72,0.00,0.00,0.06,Public,,1.00
Glenbrook South High School,Glenview,Illinois,Cook,Chicago,42.089019,-87.853626,90,25,0.28,12,0.48,3078,1152,26.1,28,No,80266,110402,0.18,,,,,,,,Public,Income and Population are for the towns of Glenview and Northbrook; Percentages are for Glenview,0.00
Athens High School,Troy,Michigan,Oakland,Detroit,42.5819924,-83.111494,89,31,0.35,19,0.61,1529,1126,,29,No,84092,97048,0.17,0.67,0.05,0.04,0.20,0.00,0.00,0.03,Public,,1.00
Saint Ignatius College Prep,Chicago,Illinois,Cook,Chicago,41.864501,-87.831925,89,23,0.26,6,0.26,1454,1303,29,27,No,,,,0.67,0.08,0.14,0.04,0.00,0.00,0.07,Private Religious,Income for ZIP Code 60608,1.00
Plymouth High School,Canton,Michigan,Oakland,Detroit,42.3466314,-83.499008,88,28,0.32,23,0.82,2041,1141,,21,Yes,9154,79713,0.17,0.70,0.08,0.05,0.14,0.01,0.00,0.03,Public,,1.00
Washtenaw International Hs,Ypsilanti,Michigan,Washtenaw,Ann Arbor,42.2474599,-83.637083,88,35,0.40,21,0.60,544,1180,,0,Yes,20171,36982,0.13,0.36,0.17,0.05,0.33,0.00,0.00,0.09,Public,,1.00
Grosse Pointe North High Schl,Grosse Pointe Woods,Michigan,Wayne,Detroit,42.436832,-82.889173,86,21,0.24,17,0.81,1316,1088,24.2,24,No,15332,97711,0.27,0.62,0.28,0.03,0.03,0.00,0.00,0.03,Public,,1.00
Northside College Prep Hs,Chicago,Illinois,Cook,Chicago,41.9813082,-87.707742,86,42,0.49,11,0.26,1090,1370,30,26,No,2718555,56597,0.44,0.27,0.08,0.30,0.20,0.00,0.01,0.14,Public Magnet,Income for ZIP Code 60625,1.00
Forest Hills Central Hs,Grand Rapids,Michigan,Kent,Grand Rapids,42.9420173,-85.521118,85,31,0.36,24,0.77,1224,1133.4,,19,No,25867,117173,0.11,0.84,0.02,0.03,0.07,0.00,0.00,0.04,Public,"Population and Income are for Forest Hills, MI",1.00
Barrington Community High Schl,Barrington,Illinois,Lake,Chicago,42.154304,-88.147247,85,12,0.14,6,0.50,2921,1190,27.1,36,No,10217,115833,0.18,0.64,0.01,0.17,0.13,0.00,0.00,0.04,Public,,1.00
Notre Dame Preparatory,Pontiac,Michigan,Oakland,Detroit,42.6732124,-83.259695,84,41,0.49,33,0.80,1061,1181,25.1,13,No,,,,0.80,0.05,0.06,0.06,0.00,0.00,0.02,Private Religious,Percentages are K-12,1.00
Syosset High School,Syosset,New York,Nassau,New York,40.8291858,-73.483565,84,20,0.24,11,0.55,2131,1310,,31,No,18829,159375,0.08,0.60,0.01,0.04,0.35,0.00,0.00,0.01,Public,,1.00
Mission San Jose High School,Fremont,California,Alameda,San Francisco,37.5446746,-121.93565,84,10,0.12,3,0.30,2046,1450,33,19,No,241110,127374,0.07,0.05,0.00,0.02,0.92,0.00,0.00,0.01,Public,,1.00
North Allegheny Senior Hs,Wexford,Pennsylvania,Allegheny,Pittsburgh,40.6105198,-80.053574,84,12,0.14,0,0.00,2724,1236,26.2,25,No,66417,120540,0.05,0.81,0.02,0.01,0.15,0.00,0.00,0.01,Public,"Population and Income are for Marshall Twp, Pine Twp, McCandless Twp, and Franklin Park",1.00
East Grand Rapids High School,East Grand Rapids,Michigan,Kent,Grand Rapids,42.9482153,-85.612916,83,36,0.43,25,0.69,976,1158,,15,Yes,25867,117173,0.07,0.87,0.03,0.05,0.02,0.00,0.00,0.03,Public,,1.00
Rochester High School,Rochester Hills,Michigan,Oakland,Detroit,42.6788574,-83.155579,83,34,0.41,21,0.62,1717,1160,25.9,22,No,74516,90961,0.17,0.66,0.06,0.07,0.17,0.00,0.00,0.04,Public,,1.00
Lynbrook High School,San Jose,California,Santa Clara,San Jose,37.3004041,-122.00407,83,13,0.16,2,0.15,1880,1435,31.7,17,No,1021795,104234,0.05,0.07,0.00,0.04,0.84,0.00,0.00,0.05,Public,,1.00
Carmel High School,Carmel,Indiana,Hamilton,Indianapolis,39.9804198,-86.119607,82,14,0.17,3,0.21,5286,1233,26.6,34,Yes,101068,116867,0.09,0.73,0.04,0.04,0.13,0.00,0.00,0.06,Public,,1.00
Detroit Catholic Central Hs,Novi,Michigan,Oakland,Detroit,42.4902695,-83.541884,81,26,0.32,23,0.88,998,1253,26,14,No,,,,,,,,,,,Private Religious,,0.00
Walter Payton Coll Prep School,Chicago,Illinois,Cook,Chicago,41.9012458,-87.635552,81,36,0.44,14,0.39,1153,1349,29.7,29,No,2718555,72636,0.31,0.44,0.11,0.22,0.17,0.00,0.01,0.05,Public Magnet,Income for ZIP Code 60610,1.00
Glenbrook North High School,Northbrook,Illinois,Cook,Chicago,42.1112449,-87.832187,81,17,0.21,4,0.24,2023,1216,28,24,No,80266,116929.5,0.05,,,,,,,,Public,Income and Population are for the towns of Glenview and Northbrook; Percentages are for Northbrook,0.00
Naperville North High School,Naperville,Illinois,DuPage,Chicago,41.7829262,-88.157162,81,18,0.22,0,0.00,2675,1175,,30,No,148449,118187,0.15,0.60,0.05,0.11,0.19,0.00,0.00,0.04,Public,,1.00
Pine Crest School,Fort Lauderdale,Florida,Broward,Miami,26.204601,-80.124799,80,36,0.45,12,0.33,845,1415,31.4,32,No,,,,,,,,,,,Private Secular,Income for ZIP Code 33434,0.00
Millburn High School,Millburn,New Jersey,Essex,New York,40.7198036,-74.314335,80,9,0.11,3,0.33,1385,1322,29.1,33,No,20080,214449,0.02,0.60,0.02,0.06,0.27,0.00,0.00,0.05,Public,,1.00
Dwight D Eisenhower H S,Shelby Charter Twp,Michigan,Macomb,Detroit,42.696737,-83.048125,79,24,0.30,16,0.67,2034,1077,,26,No,80628,74379,0.15,0.92,0.02,0.02,0.03,0.00,0.00,0.01,Public,,1.00
Ridge High School,Basking Ridge,New Jersey,Somerset,New York,40.7006895,-74.547903,79,16,0.20,10,0.63,1864,1313,27,27,No,26747,125837,0.01,0.64,0.01,0.06,0.27,0.00,0.00,0.03,Public,,1.00
Homestead High School,Cupertino,California,Santa Clara,San Jose,37.3356176,-122.04826,78,14,0.18,5,0.36,2425,1324,28,18,No,59276,163954,0.14,0.30,0.01,0.16,0.45,0.00,0.00,0.09,Public,,1.00
Fiorello H Laguardia Hs Music,New York,New York,New York,New York,40.774185,-73.985972,78,10,0.13,4,0.40,2762,1258,,23,No,8336817,60762,0.28,0.45,0.10,0.18,0.19,0.00,0.00,0.07,Public Magnet,,1.00
West Windsor-Plainsboro South,West Windsor,New Jersey,Mercer,Trenton,40.3059767,-74.619858,78,5,0.06,3,0.60,1607,1339,30,23,No,50799,140966,0.05,0.25,0.05,0.04,0.65,0.00,0.00,0.01,Public,Population and Income are for West Windsor and Plainsboro,1.00
Saratoga High School,Saratoga,California,Santa Clara,San Jose,37.2656448,-122.02936,78,12,0.15,1,0.08,1371,1406,30.9,21,No,30153,176641,0.02,0.25,0.00,0.04,0.62,0.00,0.00,0.09,Public,,1.00
South Brunswick High School,South Brunswick,New Jersey,Middlesex,New York,40.374194,-74.563461,77,8,0.10,5,0.63,2939,1202,25.3,29,No,45685,117274,0.12,0.27,0.08,0.08,0.56,0.00,0.00,0.02,Public,Population and Income are for South Brunswick Twp,1.00
Harker School,San Jose,California,Santa Clara,San Jose,37.313748,-121.96904,77,23,0.30,2,0.09,2040,1492,33,29,No,,,,,,,,,,,Private Secular,,0.00
Metea Valley High School,Aurora,Illinois,DuPage,Chicago,41.7923388,-88.236331,77,4,0.05,1,0.25,2926,1163,26.8,24,No,197757,69730,0.20,0.41,0.13,0.14,0.28,0.00,0.00,0.04,Public,,1.00
Greenhills School,Ann Arbor,Michigan,Washtenaw,Ann Arbor,42.2854038,-83.678354,76,50,0.66,33,0.66,,1380,31,13,No,,,,,,,,,,,Private Secular,,0.00
Brighton High School,Brighton,Michigan,Livingston,Detroit,42.5264549,-83.796262,76,24,0.32,20,0.83,2079,1092,,17,No,18664,105741,0.11,0.93,0.01,0.02,0.01,0.00,0.00,0.01,Public,,1.00
Greenwich High School,Greenwich,Connecticut,Fairfield,New York,41.0401828,-73.613313,76,12,0.16,6,0.50,2744,1200,27.6,29,No,62840,142819,0.21,0.65,0.03,0.21,0.07,0.00,0.00,0.03,Public,,1.00
William Fremd High School,Palatine,Illinois,Cook,Chicago,42.093166,-88.063234,75,10,0.13,3,0.30,2577,,,29,,67482,76776,0.15,0.54,0.03,0.10,0.30,0.00,0.00,0.03,Public,,1.00
Grand Blanc Community School,Grand Blanc,Michigan,Genesee,Detroit,42.9080476,-83.627777,73,26,0.36,17,0.65,2772,1047,,19,No,44463,63109,0.27,0.70,0.15,0.05,0.04,0.00,0.00,0.06,Public,,1.00
Mira Costa High School,Manhattan Beach,California,Los Angeles,Los Angeles,33.874266,-118.38954,73,19,0.26,6,0.32,2552,1265,27.2,25,No,35183,150083,0.07,0.62,0.02,0.15,0.10,0.00,0.00,0.11,Public,ACT Scores are Mean,1.00
Los Altos High School,Los Altos,California,Santa Clara,San Jose,37.3868122,-122.1091,73,10,0.14,3,0.30,2227,1300,28.5,23,No,30089,215339,0.17,0.38,0.01,0.26,0.26,0.00,0.00,0.07,Public,,1.00
Wayzata High School,Plymouth,Minnesota,Hennepin,Minneapolis-St.Paul,45.0448735,-93.509402,72,14,0.19,6,0.43,3406,1373,26.2,28,No,79768,100280,0.10,0.69,0.06,0.04,0.17,0.00,0.00,0.04,Public,ACT Scores are Mean,1.00
Palisades Charter High School,Los Angeles,California,Los Angeles,Los Angeles,34.0467121,-118.53158,72,15,0.21,5,0.33,2964,1179,26.5,23,No,22986,159696,0.32,0.59,0.12,0.19,0.09,0.00,0.00,0.00,Public,,1.00
Lyons Township High School,La Grange,Illinois,Cook,Chicago,41.8113127,-87.880209,72,13,0.18,4,0.31,4052,1140,26.6,28,No,15322,121425,0.12,0.72,0.04,0.20,0.02,0.00,0.00,0.02,Public,,1.00
Deerfield High School,Deerfield,Illinois,Lake,Chicago,42.1863136,-87.852702,71,24,0.34,12,0.50,1635,1209,27,27,No,18646,144229,0.04,0.87,0.01,0.05,0.04,0.00,0.00,0.03,Public,,1.00
Community High School,Ann Arbor,Michigan,Washtenaw,Ann Arbor,42.2834099,-83.743664,70,36,0.51,22,0.61,530,1215,,0,No,119980,63956,0.12,0.75,0.05,0.07,0.03,0.00,0.00,0.10,Public,,1.00
Dexter High School,Dexter,Michigan,Washtenaw,Ann Arbor,42.321311,-83.894965,70,21,0.30,18,0.86,1202,1148,29,8,No,6554,105438,0.09,0.93,0.01,0.02,0.02,0.00,0.00,0.02,Public,,1.00
Utica Academy Intl Studies,Sterling Heights,Michigan,Macomb,Detroit,42.5684039,-83.008471,70,28,0.40,17,0.61,448,1275,,4,Yes,342137,76034.33,,,,,,,,,Public Magnet,"Population and Income are for Utica, Macomb Twp, Ray Twp, Washington Twp, Shelby Twp, and Sterling Hts",0.00
Ridgewood High School,Ridgewood,New Jersey,Bergen,New York,40.9776885,-74.106472,70,14,0.20,7,0.50,1767,1267,27,26,No,25056,168608,0.02,0.66,0.01,0.10,0.18,0.00,0.00,0.05,Public,,1.00
Highland Park High School,Highland Park,Illinois,Lake,Chicago,42.193586,-87.800907,70,17,0.24,7,0.41,1982,1178,26,20,No,29515,147962,0.14,0.69,0.02,0.23,0.02,0.00,0.00,0.03,Public,,1.00
Livingston High School,Livingston,New Jersey,Essex,New York,40.7839003,-74.320425,70,12,0.17,5,0.42,1907,1299,26.8,35,No,30303,163403,0.03,0.62,0.03,0.05,0.27,0.00,0.00,0.03,Public,,1.00
Torrey Pines High School,San Diego,California,San Diego,San Diego,32.9573985,-117.2249,70,12,0.17,5,0.42,2444,1296,28,30,No,144283,111054,0.10,0.60,0.01,0.13,0.22,0.00,0.00,0.03,Public,"Income and Population for ZIP Codes 92130, 92014, 92067, 92007, 92024, 92091, and 92075",1.00
Amador Valley High School,Pleasanton,California,Alameda,San Francisco,37.6680343,-121.87538,70,6,0.09,0,0.00,2713,1310,30,27,No,81777,148852,0.07,0.45,0.01,0.08,0.42,0.00,0.00,0.04,Public,,1.00
Roslyn High School,Roslyn Heights,New York,Nassau,New York,40.7926392,-73.639584,69,22,0.32,7,0.32,1043,1281,28.6,20,No,24703,131356.5,0.13,0.70,0.03,0.08,0.18,0.00,0.00,0.01,Public,,1.00
Jericho Senior High School,Jericho,New York,Nassau,New York,40.7987749,-73.542519,69,18,0.26,5,0.28,1114,1318,28.6,23,No,12014,153438,0.10,0.38,0.02,0.03,0.56,0.00,0.00,0.00,Public,,1.00
Thomas Sprigg Wootton Hs,Rockville,Maryland,Montgomery,"Washington, D.C.",39.0769953,-77.183158,68,13,0.19,5,0.38,2107,1297,27.8,30,No,68079,105376,0.05,0.44,0.07,0.07,0.36,0.00,0.00,0.05,Public,,1.00
Princeton High School,Princeton,New Jersey,Mercer,Trenton,40.3578709,-74.655433,68,9,0.13,3,0.33,1590,1320,31,24,No,31187,138194,0.09,0.55,0.05,0.11,0.24,0.00,0.00,0.05,Public,,1.00
John P Stevens High School,Edison,New Jersey,Middlesex,New York,40.5810025,-74.359182,68,7,0.10,3,0.43,2521,1296,,26,No,99758,98687,0.07,0.11,0.06,0.04,0.78,0.00,0.00,0.01,Public,,1.00
Horace Mann School,Bronx,New York,Bronx,New York,40.8932178,-73.89873,67,13,0.19,7,0.54,1697,1443,33,21,No,,,,0.67,0.06,0.04,0.23,0.00,0.00,0.00,Private Secular,Percentages are for PK-12,1.00
Bergen County Academies,Hackensack,New Jersey,Bergen,New York,40.9019631,-74.033422,66,16,0.24,5,0.31,1098,1492,33,15,Yes,932202,95837,0.05,0.38,0.02,0.08,0.51,0.00,0.01,0.00,Public Magnet,,1.00
Saint Francis High School,Mountain View,California,Santa Clara,San Jose,37.36885,-122.08483,66,9,0.14,4,0.44,1760,1340,30,22,No,,,,0.47,0.01,0.10,0.29,0.00,0.01,0.11,Private Religious,,1.00
Grand Haven High School,Grand Haven,Michigan,Ottawa,Grand Rapids,43.011491,-86.211731,65,22,0.34,15,0.68,1930,1190,27,16,No,11047,55636,0.22,0.90,0.01,0.05,0.02,0.00,0.00,0.02,Public,,1.00
Montgomery High School,Skillman,New Jersey,Somerset,New York,40.418082,-74.70584,65,13,0.20,5,0.38,1613,1321,28.6,21,No,23124,191798,0.04,0.45,0.03,0.05,0.46,0.00,0.00,0.01,Public,,1.00
Skyline High School,Sammamish,Washington,King,Seattle,47.6002065,-122.03161,64,22,0.34,4,0.18,2169,1290,27,0,Yes,65892,165318,0.04,0.51,0.01,0.07,0.35,0.00,0.00,0.05,Public,,1.00
Walled Lake Central Hs,Commerce Townshp,Michigan,Oakland,Detroit,42.568715,-83.472932,64,19,0.30,11,0.58,1590,1190,27,18,No,44065,95810,0.26,0.77,0.11,0.04,0.06,0.00,0.00,0.02,Public,,1.00
Menlo Atherton High School,Atherton,California,San Mateo,San Francisco,37.4622756,-122.17465,64,15,0.23,8,0.53,2498,1212,,22,No,7137,250000,0.39,0.39,0.05,0.41,0.07,0.00,0.05,0.04,Public,,1.00
Cypress Bay High School,Weston,Florida,Broward,Miami,26.0656083,-80.396657,64,17,0.27,6,0.35,4797,1139,23.8,32,No,71166,100110,0.15,0.29,0.04,0.59,0.06,0.00,0.00,0.02,Public,,1.00
Forest Hills Northern Hs,Grand Rapids,Michigan,Kent,Grand Rapids,42.9857394,-85.575579,63,22,0.35,17,0.77,1165,1270,29,28,No,201013,47173,0.15,0.74,0.06,0.05,0.10,0.00,0.00,0.05,Public,,1.00
Clarkston Senior High School,Clarkston,Michigan,Oakland,Detroit,42.739245,-83.39314,63,26,0.41,14,0.54,2946,1200,27,18,Yes,1825,40472,0.17,0.86,0.03,0.06,0.02,0.00,0.00,0.02,Public,,1.00
Herbert Henry Dow High School,Midland,Michigan,Midland,Midland,43.6382593,-84.275932,63,26,0.41,14,0.54,1271,1164,30,7,Yes,41701,61076,0.20,0.85,0.01,0.04,0.07,0.00,0.00,0.02,Public,,1.00
Palos Verdes Peninsula Hs,Rolling Hills Estates,California,Los Angeles,Los Angeles,33.7908969,-118.36454,63,14,0.22,2,0.14,2329,1300,27.8,33,No,8058,143873,0.09,0.38,0.03,0.11,0.40,0.00,0.00,0.08,Public,Stats for Class of 2020,1.00
Rockford Senior High School,Rockford,Michigan,Kent,Grand Rapids,43.091706,-85.566111,62,24,0.39,16,0.67,1835,1098,27,14,No,6391,62404,0.14,0.87,0.00,0.05,0.03,0.00,0.00,0.04,Public,,1.00
University Detroit Jesuit Hs,Detroit,Michigan,Wayne,Detroit,42.433124,-83.154338,62,17,0.27,11,0.65,900,1260,28,11,No,,,,,,,,,,,Private Religious,,0.00
West Windsor-Plainsboro Hs N,Plainsboro,New Jersey,Middlesex,New York,40.3224396,-74.600273,62,4,0.06,0,0.00,1463,1339,30,23,No,22884,107936,0.07,0.22,0.08,0.04,0.65,0.00,0.00,0.01,Public,,1.00
Adlai E Stevenson High School,Livonia,Michigan,Wayne,Detroit,42.4131829,-83.382819,61,19,0.31,15,0.79,1790,1360,27,29,No,93665,76819,0.18,0.84,0.03,0.05,0.04,0.00,0.00,0.03,Public,,1.00
Portage Northern High School,Portage,Michigan,Kalamazoo,Kalamazoo,42.2359688,-85.599322,61,25,0.41,19,0.76,1290,1078,28,7,Yes,49445,62747,0.25,0.70,0.07,0.07,0.07,0.00,0.00,0.09,Public,,1.00
East Lansing High School,East Lansing,Michigan,Ingham,Lansing,42.7428371,-84.479326,61,21,0.34,13,0.62,1102,1230,28,19,No,48145,38502,0.30,0.58,0.20,0.07,0.08,0.00,0.00,0.07,Public,,1.00
Northwood High School,Irvine,California,Orange,Los Angeles,33.7324238,-117.7511,61,13,0.21,3,0.23,2195,1380,31,36,No,287401,100969,0.16,0.26,0.02,0.08,0.58,0.00,0.00,0.05,Public,,1.00
Maine Township Hs South,Park Ridge,Illinois,Cook,Chicago,42.001346,-87.853017,60,15,0.25,6,0.40,2390,1290,25,20,No,36950,102416,0.06,0.85,0.01,0.08,0.03,0.00,0.00,0.02,Public,,1.00
Mountain View High School,Mountain View,California,Santa Clara,San Jose,37.3586027,-122.06715,60,18,0.30,5,0.28,2062,1285,27.7,23,No,82739,128252,0.15,0.40,0.02,0.23,0.24,0.00,0.00,0.11,Public,,1.00
Phillips Academy,Andover,Massachusetts,Essex,Boston,42.6471435,-71.132291,60,19,0.32,3,0.16,1131,1470,33,0,No,,,,,,,,,,,Private Boarding,,0.00
Dearborn High School,Dearborn,Michigan,Wayne,Detroit,42.3073947,-83.261528,59,23,0.39,16,0.70,2115,1191,25,14,No,93932,52498,0.59,0.94,0.03,0.02,0.01,0.00,0.00,0.00,Public,,1.00
Naperville Central High School,Naperville,Illinois,DuPage,Chicago,41.7676876,-88.155196,59,11,0.19,7,0.64,2719,1186,27,30,No,148449,118187,0.13,0.67,0.04,0.08,0.16,0.00,0.00,0.04,Public,,1.00
Walled Lake Northern Hs,Commerce Townshp,Michigan,Oakland,Detroit,42.60985,-83.498649,58,25,0.43,22,0.88,1590,1085,27,19,No,44065,95810,0.26,0.77,0.11,0.04,0.06,0.00,0.00,0.02,Public,,1.00
Grandville High School,Grandville,Michigan,Kent,Grand Rapids,42.8794666,-85.770002,58,27,0.47,20,0.74,1768,1061,27,14,No,15858,58675,0.17,0.75,0.05,0.11,0.04,0.00,0.00,0.06,Public,,1.00
West Ottawa High School,Holland,Michigan,Ottawa,Grand Rapids,42.835,-86.150348,58,20,0.34,14,0.70,2253,1013,,20,Yes,33216,55769,0.48,0.45,0.03,0.39,0.08,0.00,0.00,0.05,Public,,1.00
Fordson High School,Dearborn,Michigan,Wayne,Detroit,42.3320686,-83.178722,58,21,0.36,14,0.67,2756,1160,25,16,No,47611,109081,0.82,0.98,0.01,0.01,0.00,0.00,0.00,0.00,Public,,1.00
Loyola Academy,Wilmette,Illinois,Cook,Chicago,42.0829241,-87.760067,58,12,0.21,3,0.25,2000,1274,27.3,21,No,,,,,,,,,,,Private Religious,Stats for Class of 2020,0.00
York Community High School,Elmhurst,Illinois,DuPage,Chicago,41.8910333,-87.951973,58,8,0.14,2,0.25,2829,1290,26,24,No,46746,113207,0.16,0.72,0.03,0.16,0.06,0.00,0.00,0.03,Public,,1.00
Phillips Exeter Academy,Exeter,New Hampshire,Rockingham,Boston,42.9782108,-70.941399,58,12,0.21,2,0.17,1081,1440,33,0,No,,,,0.58,0.11,0.08,0.21,0.01,0.00,0.01,Private Boarding,,1.00
Tenafly High School,Tenafly,New Jersey,Bergen,New York,40.9328765,-73.966249,58,6,0.10,2,0.33,1226,1350,29,29,No,14453,159722,0.03,0.60,0.02,0.06,0.31,0.00,0.00,0.02,Public,,1.00
Menlo School,Atherton,California,San Mateo,San Francisco,37.4531768,-122.19167,58,9,0.16,1,0.11,794,1447,33,20,No,,,,,,,,,,,Private Secular,,0.00
University High Sch Academy,Lathrup Village,Michigan,Oakland,Detroit,42.502027,-83.235552,57,32,0.56,29,0.91,404,1075,,17,No,72689,51267.75,0.31,0.02,0.96,0.00,0.01,0.00,0.01,0.00,Public Magnet,,1.00
Mercy High School,Farmington Hills,Michigan,Oakland,Detroit,42.487067,-83.336428,57,25,0.44,19,0.76,672,1109,25.6,13,No,,,,0.78,0.10,0.04,0.04,0.00,0.00,0.03,Private Religious,,1.00
Renaissance High School,Detroit,Michigan,Wayne,Detroit,42.417807,-83.194381,57,21,0.37,14,0.67,1202,,,6,No,670031,29481,0.61,0.00,0.99,0.00,0.00,0.00,0.00,0.00,Public Magnet,,1.00
East Brunswick High School,East Brunswick,New Jersey,Middlesex,New York,40.432572,-74.398565,57,7,0.12,1,0.14,2095,1225,23,22,No,47611,109081,0.18,0.53,0.05,0.07,0.34,0.00,0.00,0.01,Public,,1.00
University High School,Irvine,California,Orange,Los Angeles,33.6527931,-117.82357,57,9,0.16,0,0.00,2312,1326,27,21,No,287401,100969,0.21,0.34,0.02,0.09,0.48,0.00,0.00,0.06,Public,,1.00
Berkley High School,Berkley,Michigan,Oakland,Detroit,42.4954658,-83.181164,56,23,0.41,16,0.70,1420,1090,,26,No,15366,82095,0.19,0.77,0.16,0.03,0.02,0.00,0.00,0.02,Public,,1.00
Univ Of Chicago Laboratory Hs,Chicago,Illinois,Cook,Chicago,41.7879234,-87.59275,56,24,0.43,9,0.38,1855,1460,31.8,10,Yes,,,,0.51,0.09,0.06,0.19,0.00,0.00,0.14,Private Secular,Enrollment for Grades K-12,1.00
Wellesley High School,Wellesley,Massachusetts,Norfolk,Boston,42.302908,-71.278821,56,8,0.14,5,0.63,1529,1326,28.4,16,No,,,,0.74,0.04,0.05,0.12,0.00,0.00,0.05,Public,,1.00
Edina High School,Edina,Minnesota,Hennepin,Minneapolis-St.Paul,44.8827391,-93.376984,56,16,0.29,5,0.31,2718,1360,29,23,No,52857,99295,0.08,0.75,0.07,0.05,0.09,0.00,0.00,0.04,Public,,1.00
Manhasset High School,Manhasset,New York,Nassau,New York,40.7928905,-73.704506,56,19,0.34,4,0.21,1091,1350,30,23,No,8138,133456,0.04,0.71,0.02,0.04,0.21,0.00,0.00,0.01,Public,,1.00
Muchin College Prep,Chicago,Illinois,Cook,Chicago,41.8822307,-87.627063,55,23,0.42,11,0.48,973,1110,22,9,Yes,2718555,79957,0.85,0.00,0.29,0.66,0.04,0.00,0.00,0.01,Public Charter,,1.00
Dakota High School,Macomb,Michigan,Macomb,Detroit,42.6453878,-82.909625,55,19,0.35,10,0.53,2980,1056,26,14,No,91574,98465,0.18,0.82,0.07,0.04,0.03,0.00,0.00,0.03,Public,,1.00
Benet Academy,Lisle,Illinois,DuPage,Chicago,41.7843438,-88.094617,55,12,0.22,4,0.33,1300,1380,30,12,No,,,,,,,,,,,Private Religious,,0.00
Traverse City West Senior Hs,Traverse City,Michigan,Grand Traverse,Traverse City,44.7498475,-85.687598,54,19,0.35,14,0.74,1707,1063,,17,No,15738,53871,0.29,0.92,0.01,0.03,0.02,0.01,0.00,0.02,Public,,1.00
Byram Hills High School,Armonk,New York,Westchester,New York,41.134854,-73.689789,54,26,0.48,13,0.50,790,1320,31,33,No,4330,195982,0.04,0.90,0.01,0.05,0.05,0.00,0.00,0.00,Public,,1.00
William Mason High School,Mason,Ohio,Warren,Cincinnati,39.3507098,-84.306243,54,8,0.15,3,0.38,3511,1339,25.5,27,No,33870,96511,0.07,0.66,0.04,0.04,0.21,0.00,0.00,0.05,Public,,1.00
Portage Central High School,Portage,Michigan,Kalamazoo,Kalamazoo,42.1982688,-85.587144,53,19,0.36,11,0.58,1363,1102.8,,0,Yes,49445,62747,0.15,0.81,0.02,0.06,0.06,0.00,0.00,0.05,Public,,1.00
American Heritage School,Plantation,Florida,Broward,Miami,26.1194711,-80.308013,53,22,0.42,6,0.27,2409,1370,31,0,No,,,,0.48,0.10,0.23,0.10,0.04,0.00,0.05,Private Secular,,1.00
Cherry Creek High School,Greenwood Village,Colorado,Arapahoe,Denver,39.6303721,-104.87934,53,6,0.11,4,0.67,3720,1358,26,29,No,15735,127134,0.13,0.66,0.03,0.13,0.13,0.00,0.00,0.05,Public,,1.00
Lake Forest High School,Lake Forest,Illinois,Lake,Chicago,42.2640029,-87.840173,53,8,0.15,3,0.38,1585,1197,27.1,30,No,,,0.01,0.85,0.01,0.06,0.04,0.00,0.00,0.03,Public,,1.00
Bridgewater-Raritan Rgnl Hs,Bridgewater,New Jersey,Somerset,New York,40.593784,-74.631952,53,7,0.13,3,0.43,2827,1193,29,27,No,43968,126743,0.11,0.53,0.03,0.17,0.25,0.00,0.01,0.01,Public,,1.00
Acton-Boxborough Regional Hs,Acton,Massachusetts,Middlesex,Boston,42.4798302,-71.458313,53,3,0.06,1,0.33,1837,1359,30,14,No,29455,123058.5,0.00,0.57,0.02,0.04,0.32,0.00,0.00,0.05,Public,,1.00
Washtenaw Tech Middle College,Ann Arbor,Michigan,Washtenaw,Ann Arbor,42.26697,-83.668179,52,20,0.38,17,0.85,754,1185,,0,No,367601,69434,0.27,0.75,0.11,0.01,0.05,0.00,0.00,0.07,Public,,1.00
Brookline High School,Brookline,Massachusetts,Norfolk,Boston,42.3333283,-71.129179,52,14,0.27,6,0.43,2101,1286,,18,No,59121,113515,0.00,0.56,0.07,0.12,0.16,0.00,0.00,0.09,Public,,1.00
John Jay High School,Cross River,New York,Westchester,New York,41.273637,-73.610805,52,23,0.44,6,0.26,1049,1246,21,22,No,12522,159808,0.06,0.83,0.00,0.09,0.03,0.00,0.00,0.05,Public,,1.00
Watchung Hills Regional Hs,Warren,New Jersey,Somerset,New York,40.6524725,-74.475244,52,9,0.17,5,0.56,1982,1229,26.3,24,No,30061,153632.67,0.01,0.63,0.03,0.11,0.18,0.00,0.00,0.04,Public,,1.00
Edgemont High School,Scarsdale,New York,Westchester,New York,41.001482,-73.807742,52,12,0.23,4,0.33,966,1370,32,16,No,7336,222115,0.00,0.52,0.01,0.07,0.34,0.00,0.00,0.05,Public,,1.00
Newton South High School,Newton Centre,Massachusetts,Middlesex,Boston,42.312324,-71.189013,52,11,0.21,4,0.36,1911,1328,27.5,21,No,88414,139696,0.00,0.61,0.06,0.06,0.22,0.00,0.00,0.05,Public,,1.00
Paul D Schreiber Senior High,Port Washington,New York,Nassau,New York,40.8300389,-73.678755,52,14,0.27,3,0.21,1608,1290,29,27,No,15846,127813,0.22,0.65,0.03,0.20,0.11,0.00,0.00,0.01,Public,,1.00
Great Neck South High School,Lake Success,New York,Nassau,New York,40.7626473,-73.703989,52,13,0.25,2,0.15,1222,1298,27.5,30,No,40000,94153,0.20,0.30,0.01,0.08,0.59,0.00,0.00,0.02,Public,,1.00
City High / Middle School,Grand Rapids,Michigan,Kent,Grand Rapids,42.9933687,-85.658626,51,23,0.45,22,0.96,917,1260,28,13,Yes,201013,47173,0.36,0.46,0.10,0.28,0.07,0.00,0.00,0.09,Public,,1.00
Traverse City Central Hs,Traverse City,Michigan,Grand Traverse,Traverse City,44.7676561,-85.587381,51,20,0.39,15,0.75,1426,1084,,10,No,15738,53871,0.27,0.89,0.01,0.04,0.02,0.02,0.00,0.02,Public,,1.00
International Academy Macomb,Clinton Township,Michigan,Macomb,Detroit,42.6115973,-82.934198,51,20,0.39,15,0.75,491,1256,,0,Yes,100471,54587,0.20,0.65,0.06,0.03,0.22,0.00,0.00,0.04,Public,,1.00
Mercer Island High School,Mercer Island,Washington,King,Seattle,47.5718919,-122.21931,51,13,0.25,6,0.46,1552,1350,30,37,No,25894,142413,0.04,0.68,0.01,0.04,0.20,0.00,0.00,0.07,Public,,1.00
Kalamazoo Central High School,Kalamazoo,Michigan,Kalamazoo,Kalamazoo,42.3142546,-85.645787,51,9,0.18,5,0.56,1675,933,,6,No,76200,40292,0.67,0.33,0.45,0.12,0.02,0.00,0.00,0.08,Public,,1.00
Basis Independent Silicon Vly,San Jose,California,Santa Clara,San Jose,37.3161597,-121.91007,51,13,0.25,5,0.38,804,1520,34,0,No,,,,0.08,0.00,0.00,0.86,0.00,0.00,0.04,Private Secular,,1.00
Archbishop Mitty High School,San Jose,California,Santa Clara,San Jose,37.3145467,-121.99381,51,4,0.08,0,0.00,1752,1313,28.3,22,No,,,,,,,,,,,Private Religious,Demographics Not Reported,0.00
Brother Rice High School,Bloomfield Twp,Michigan,Oakland,Detroit,42.587472,-83.265477,50,17,0.34,13,0.76,587,1250,28,0,No,,,,0.85,0.06,0.04,0.04,0.00,0.00,0.00,Private Religious,,1.00
Mamaroneck High School,Mamaroneck,New York,Westchester,New York,40.9410991,-73.743802,50,28,0.56,12,0.43,1616,1259,28.4,19,No,29495,125444,0.18,0.71,0.03,0.19,0.04,0.00,0.00,0.02,Public,,1.00
Hartland High School,Hartland,Michigan,Livingston,Detroit,42.6495497,-83.747093,50,14,0.28,9,0.64,1935,1082,,16,No,15170,90000,0.15,0.94,0.01,0.03,0.01,0.00,0.00,0.01,Public,,1.00
Bethesda Chevy Chase Hs,Bethesda,Maryland,Montgomery,"Washington, D.C.",38.9864508,-77.089104,50,12,0.24,6,0.50,2124,1290,29,23,Yes,70403,170174,0.10,0.59,0.14,0.17,0.05,0.00,0.00,0.05,Public,,1.00
Riverdale Country School,Bronx,New York,Bronx,New York,40.8980853,-73.914045,50,16,0.32,6,0.38,1152,1440,33,0,No,,,,0.66,0.05,0.07,0.10,0.00,0.00,0.12,Private Secular,,1.00
Westfield High School,Westfield,New Jersey,Union,New York,40.6444761,-74.348765,50,8,0.16,4,0.50,1865,1243,26,18,No,29512,168721,0.03,0.83,0.03,0.06,0.08,0.00,0.00,0.01,Public,,1.00
Santa Margarita Catholic Hs,Rancho Santa Margarita,California,Orange,Los Angeles,33.6435921,-117.58043,50,11,0.22,4,0.36,1724,1274,27.2,21,Yes,,,,0.66,0.01,0.10,0.12,0.00,0.01,0.10,Private Religious,Stats for Class of 2020,1.00
Lawrenceville School,Lawrenceville,New Jersey,Mercer,Trenton,40.2973978,-74.72335,50,10,0.20,1,0.10,817,1490,33,0,No,,,,0.55,0.10,0.06,0.21,0.00,0.00,0.08,Private Boarding,Median Scores,1.00
Dublin Jerome High School,Dublin,Ohio,Franklin,Columbus,40.1349841,-83.175899,50,10,0.20,0,0.00,1794,1370,30,22,Yes,49037,135514,0.01,0.69,0.01,0.02,0.23,0.00,0.00,0.04,Public,,1.00
Solon High School,Solon,Ohio,Cuyahoga,Cleveland,41.3765368,-81.440758,49,13,0.27,6,0.46,1600,1293,24.9,31,No,22779,104625,0.11,0.58,0.17,0.03,0.17,0.00,0.00,0.05,Public,,1.00
Langley High School,McLean,Virginia,Fairfax,"Washington, D.C.",38.9498924,-77.166162,49,8,0.16,3,0.38,1943,1330,28.3,32,No,48115,201570,0.02,0.63,0.02,0.05,0.25,0.00,0.00,0.06,Public,,1.00
Poolesville High School,Poolesville,Maryland,Montgomery,"Washington, D.C.",39.14234,-77.417693,49,12,0.24,3,0.25,1185,1311,28,27,No,5244,170093,0.07,0.49,0.06,0.08,0.31,0.00,0.00,0.06,Public,,1.00
Waubonsie Valley High School,Aurora,Illinois,DuPage,Chicago,41.7407868,-88.252527,49,4,0.08,2,0.50,2593,1119,,25,No,197757,69730,0.21,0.46,0.12,0.17,0.20,0.00,0.00,0.05,Public,,1.00
Needham High School,Needham,Massachusetts,Norfolk,Boston,42.2868831,-71.231611,49,6,0.12,1,0.17,1718,1243,27.5,21,No,31388,153032,0.00,0.80,0.03,0.05,0.09,0.00,0.00,0.04,Public,,1.00
Los Gatos High School,Los Gatos,California,Santa Clara,San Jose,37.2233806,-121.97664,48,14,0.29,5,0.36,2138,1271,27.3,21,No,30222,140395,0.05,0.63,0.00,0.11,0.13,0.00,0.00,0.12,Public,,1.00
Father Gabriel Richard Hs,Ann Arbor,Michigan,Washtenaw,Ann Arbor,42.3139678,-83.676429,47,17,0.36,13,0.76,560,1330,29,0,No,,,,0.82,0.03,0.08,0.03,0.00,0.00,0.04,Private Religious,,1.00
Midland High School,Midland,Michigan,Midland,Midland,43.6208101,-84.213338,47,15,0.32,10,0.67,1312,1084,22,20,Yes,41701,61076,0.35,0.90,0.03,0.03,0.01,0.00,0.00,0.03,Public,,1.00
Libertyville High School,Libertyville,Illinois,Lake,Chicago,42.2844674,-87.966464,47,13,0.28,5,0.38,1857,1211,25.9,26,No,20205,130732,0.05,0.81,0.02,0.07,0.09,0.00,0.00,0.01,Public,,1.00
Redwood High School,Larkspur,California,Marin,San Francisco,37.936895,-122.52532,47,9,0.19,5,0.56,1928,1297,28,18,No,12254,101754,0.08,0.71,0.01,0.14,0.06,0.00,0.01,0.06,Public,,1.00
Harriton High School,Bryn Mawr,Pennsylvania,Montgomery,Philadelphia,40.0422656,-75.31654,47,5,0.11,5,1.00,1210,1300,30,22,Yes,58735,131556,0.10,0.76,0.06,0.05,0.09,0.00,0.00,0.03,Public,,1.00
Staten Island Technical Hs,Staten Island,New York,Richmond,New York,40.5680556,-74.116111,47,8,0.17,5,0.63,1332,1420,32,17,No,8336817,60762,0.42,0.42,0.01,0.02,0.50,0.00,0.00,0.05,Public,,1.00
Illinois Math & Science Acad,Aurora,Illinois,DuPage,Chicago,41.7869841,-88.354722,47,14,0.30,3,0.21,644,1445,31.9,0,No,,,0.00,0.33,0.09,0.08,0.41,0.00,0.00,0.09,Public Magnet,,1.00
Loyola High School,Los Angeles,California,Los Angeles,Los Angeles,33.989805,-118.46101,47,12,0.26,3,0.25,1242,1330,30,0,No,,,,0.81,0.02,0.07,0.09,0.00,0.00,0.01,Private Religious,,1.00
Sidwell Friends School,Washington,"Washington, D.C.",None,"Washington, D.C.",38.9404123,-77.074262,47,16,0.34,3,0.19,1126,1430,33,0,No,,,,0.50,0.14,0.06,0.12,0.00,0.00,0.18,Private Secular,,1.00
Orange County Sch Of The Arts,Santa Ana,California,Orange,Los Angeles,33.6916721,-117.86767,47,10,0.21,2,0.20,2177,1248,27.4,26,No,,,0.12,0.41,0.01,0.21,0.23,0.00,0.00,0.15,Public Charter,Enrollment for 7-12,1.00
Brentwood School,Los Angeles,California,Los Angeles,Los Angeles,34.066561,-118.47025,47,12,0.26,2,0.17,996,1370,32,0,No,,,,0.70,0.07,0.09,0.09,0.01,0.00,0.04,Private Secular,,1.00
Marian High School,Bloomfield Twp,Michigan,Oakland,Detroit,42.587472,-83.265477,46,20,0.43,13,0.65,470,1371,26,16,No,,,,0.90,0.03,0.01,0.02,0.00,0.01,0.03,Private Religious,,1.00
Farmington High School,Farmington,Michigan,Oakland,Detroit,42.464002,-83.361209,46,16,0.35,13,0.81,1165,1066.6,,20,Yes,91103,76046.5,0.23,0.58,0.24,0.04,0.11,0.00,0.00,0.04,Public,SAT; Stats for Farmington and Farmington Hills,1.00
Latin School Of Chicago,Chicago,Illinois,Cook,Chicago,41.9108976,-87.630944,46,24,0.52,13,0.54,1088,1370,31,0,No,,,,0.68,0.06,0.06,0.11,0.00,0.00,0.10,Private Secular,,1.00
Oxford High School,Oxford,Michigan,Oakland,Detroit,42.838154,-83.261477,46,14,0.30,11,0.79,1603,1032,,18,Yes,22886,78435,0.25,0.81,0.04,0.10,0.02,0.00,0.00,0.03,Public,,1.00
De La Salle Collegiate Hs,Warren,Michigan,Macomb,Detroit,42.5143504,-82.97585,46,9,0.20,7,0.78,735,1230,26,0,No,,,,0.83,0.07,0.02,0.03,0.01,0.00,0.04,Private Religious,,1.00
Windward School,Los Angeles,California,Los Angeles,Los Angeles,34.0175,-118.42639,46,16,0.35,5,0.31,550,1370,32,0,No,,,,0.68,0.07,0.03,0.00,0.00,0.03,0.19,Private Secular,,1.00
Newton North High School,Newtonville,Massachusetts,Middlesex,Boston,42.3455776,-71.208544,46,8,0.17,2,0.25,2124,1266,27.5,17,No,88414,139696,0.00,0.63,0.06,0.09,0.15,0.00,0.00,0.06,Public,,1.00
Glenbard West High School,Glen Ellyn,Illinois,DuPage,Chicago,41.8794001,-88.060571,46,8,0.17,2,0.25,2344,1093,,31,No,27714,110669,0.23,0.61,0.04,0.17,0.14,0.00,0.00,0.03,Public,,1.00
Westlake High School,Thousand Oaks,California,Ventura,Oxnard,34.1501944,-118.81865,46,4,0.09,0,0.00,2280,1267,26.5,24,No,32729,83434,0.20,0.53,0.02,0.24,0.14,0.00,0.01,0.06,Public,,1.00
Westlake High School,Austin,Texas,Travis,Austin,30.2735935,-97.814348,46,4,0.09,0,0.00,2772,1350,30,28,No,978908,67462,0.03,0.69,0.01,0.13,0.13,0.00,0.00,0.04,Public,,1.00
Crestwood High School,Dearborn Heights,Michigan,Wayne,Detroit,42.3216855,-83.294289,45,23,0.51,20,0.87,1404,1020,,16,No,55353,49405,0.75,0.91,0.06,0.02,0.01,0.00,0.00,0.01,Public,,1.00
Forest Hills Eastern Hs,Ada,Michigan,Kent,Grand Rapids,43.0050849,-85.525882,45,25,0.56,19,0.76,789,1250,28,18,No,14832,125432,0.11,0.82,0.03,0.03,0.08,0.00,0.00,0.04,Public,,1.00
Chelsea High School,Chelsea,Michigan,Washtenaw,Ann Arbor,42.3111507,-84.002505,45,21,0.47,16,0.76,846,1132,,11,No,5416,78958,0.14,0.90,0.00,0.04,0.02,0.00,0.00,0.04,Public,,1.00
East Kentwood High School,Kentwood,Michigan,Kent,Grand Rapids,42.8517487,-85.619315,45,10,0.22,9,0.90,1981,945,,20,No,48707,52516,0.65,0.31,0.33,0.14,0.16,0.00,0.00,0.06,Public,,1.00
Michigan Home Schools,Ann Arbor,Michigan,Washtenaw,Ann Arbor,0,0,45,13,0.29,7,0.54,,,,,,,,,,,,,,,,Private Secular,,0.00
Burlingame High School,Burlingame,California,San Mateo,San Francisco,37.5831171,-122.34765,45,4,0.09,3,0.75,1492,1232,27.4,18,No,30889,122999,0.12,0.03,0.01,0.17,0.24,0.00,0.00,0.54,Public,,1.00
Monte Vista High School,Danville,California,Contra Costa,San Francisco,37.8427252,-121.9823,45,6,0.13,1,0.17,2448,1218,26.9,28,No,44510,152714,0.04,0.59,0.01,0.09,0.23,0.00,0.00,0.09,Public,,1.00
Saint Joseph High School,Saint Joseph,Michigan,Berrien,Niles,42.0897222,-86.491667,44,25,0.57,20,0.80,1047,1081,,13,No,8317,60118,0.29,0.80,0.08,0.04,0.05,0.01,0.00,0.02,Public,,1.00
Half Hollow Hills Hs East,Dix Hills,New York,Suffolk,New York,40.80306,-73.35861,44,16,0.36,9,0.56,1702,1212,26.3,29,No,26892,156603,0.18,0.60,0.11,0.10,0.16,0.00,0.00,0.03,Public,,1.00
Rye High School,Rye,New York,Westchester,New York,40.9731712,-73.68653,44,19,0.43,7,0.37,1001,1245,27.4,17,No,15695,180958,0.02,0.83,0.01,0.08,0.06,0.00,0.00,0.02,Public,,1.00
Corona Del Mar High School,Newport Beach,California,Orange,Los Angeles,33.6343649,-117.87842,44,8,0.18,3,0.38,2454,1237,27.4,29,No,84534,122709,0.09,0.76,0.01,0.09,0.10,0.00,0.00,0.03,Public,,1.00
West Morris Mendham Hs,Mendham,New Jersey,Morris,New York,40.7777808,-74.591252,44,5,0.11,2,0.40,1222,1249,27,19,Yes,5869,182022,0.01,0.83,0.01,0.07,0.05,0.00,0.00,0.04,Public,,1.00
Jackson High School,Jackson,Michigan,Jackson,Jackson,42.2509088,-84.41808,43,14,0.33,9,0.64,1223,965,,15,No,32440,33404,0.52,0.53,0.32,0.05,0.03,0.00,0.00,0.07,Public,,1.00
Santa Monica High School,Santa Monica,California,Los Angeles,Los Angeles,34.0119569,-118.48666,43,10,0.23,6,0.60,2857,1214,25.9,21,No,90401,93865,0.27,0.40,0.08,0.35,0.07,0.00,0.00,0.10,Public,,1.00
Ward Melville High School,East Setauket,New York,Suffolk,New York,40.916255,-73.074457,43,15,0.35,5,0.33,1688,1202,25,27,No,15477,142928,0.11,0.84,0.02,0.04,0.09,0.00,0.00,0.00,Public,,1.00
Ransom Everglades School,Miami,Florida,Miami-Dade,Miami,25.7227736,-80.244316,43,18,0.42,2,0.11,1084,1400,32,0,No,,,,0.50,0.05,0.38,0.05,0.00,0.00,0.02,Private Secular,,1.00
Richard Montgomery High School,Rockville,Maryland,Montgomery,"Washington, D.C.",39.0792991,-77.14679,43,11,0.26,2,0.18,2483,1255,,24,Yes,68079,105376,0.20,0.29,0.17,0.23,0.26,0.00,0.00,0.05,Public,,1.00
Leland High School,San Jose,California,Santa Clara,San Jose,37.2165344,-121.84403,43,6,0.14,1,0.17,1917,1228,27.2,22,No,1021795,104234,0.10,0.38,0.01,0.10,0.48,0.00,0.00,0.03,Public,,1.00
Delbarton School,Morristown,New Jersey,Morris,New York,40.788462,-74.531263,42,14,0.33,6,0.43,587,1400,32,26,No,,,,0.75,0.02,0.05,0.09,0.00,0.00,0.08,Private Religious,,1.00
Fieldston School,Bronx,New York,Bronx,New York,40.8893553,-73.906367,42,13,0.31,5,0.38,1600,1380,32,0,No,,,,,,,,,,,Private Secular,,0.00
Conestoga High School,Berwyn,Pennsylvania,Chester,Philadelphia,40.0476938,-75.45267,42,9,0.21,4,0.44,2219,1282,26.6,30,No,29396,129332,0.08,0.72,0.03,0.03,0.20,0.00,0.00,0.02,Public,,1.00
Pingry School,Basking Ridge,New Jersey,Somerset,New York,40.620349,-74.567726,42,10,0.24,2,0.20,841,1455,31.5,18,No,,,,0.49,0.09,0.02,0.18,0.00,0.00,0.22,Private Secular,Enrollment for 6-12,1.00
Walter Johnson High School,Bethesda,Maryland,Montgomery,"Washington, D.C.",39.0250684,-77.130105,42,2,0.05,1,0.50,2587,1290,30,34,No,50262,105130,0.07,0.54,0.10,0.18,0.12,0.00,0.00,0.06,Public,,1.00
Woodrow Wilson Senior Hs,Washington,"Washington, D.C.",None,"Washington, D.C.",38.9500972,-77.077809,41,24,0.59,13,0.54,1796,1160,28,23,No,705749,82604,,0.37,0.31,0.21,0.06,0.00,0.01,0.04,Public,,1.00
Walled Lake Western Hs,Commerce Townshp,Michigan,Oakland,Detroit,42.530447,-83.51597,41,12,0.29,8,0.67,1229,1040,,17,Yes,44065,95810,0.30,0.64,0.18,0.08,0.08,0.00,0.00,0.03,Public,,1.00
Univ. IL-Chicago College Prep,Chicago,Illinois,Cook,Chicago,41.8653816,-87.675632,41,18,0.44,7,0.39,934,1057,,10,No,2693976,55198,0.85,0.01,0.30,0.65,0.03,0.00,0.00,0.00,Public Charter,,1.00
Upper Arlington High School,Upper Arlington,Ohio,Franklin,Columbus,40.0168479,-83.054693,41,13,0.32,6,0.46,1875,1279,25.7,22,Yes,35366,115093,,0.84,0.01,0.03,0.06,0.00,0.00,0.06,Public,,1.00
Fairview High School,Boulder,Colorado,Boulder,Boulder,39.9725895,-105.24622,41,9,0.22,6,0.67,2179,1256,27.6,20,Yes,97385,66117,0.11,0.71,0.01,0.12,0.10,0.00,0.00,0.06,Public,,1.00
Rye Country Day-Upper School,Rye,New York,Westchester,New York,40.9869805,-73.682673,41,11,0.27,4,0.36,883,1410,33,0,No,,,,0.70,0.05,0.05,0.08,0.00,0.00,0.12,Private Secular,,1.00
Carl Sandburg High School,Orland Park,Illinois,Cook,Chicago,41.6491159,-87.856471,41,4,0.10,1,0.25,2816,1071,,27,No,57857,88585,0.12,0.75,0.05,0.10,0.06,0.00,0.00,0.02,Public,,1.00
Lindblom Math And Science Acad,Chicago,Illinois,Cook,Chicago,41.7819778,-87.671996,40,12,0.30,11,0.92,1361,1090,,16,No,2693976,55198,0.64,0.03,0.71,0.24,0.01,0.00,0.00,0.01,Public Magnet,,1.00
Columbia Grammar And Prep Sch,New York,New York,New York,New York,40.7902612,-73.966781,40,16,0.40,6,0.38,,1350,31,0,No,,,,,,,,,,,Private Secular,,0.00
Weston High School,Weston,Massachusetts,Middlesex,Boston,42.3388448,-71.304504,40,9,0.23,4,0.44,707,1323,29.4,18,No,12124,181667,,0.66,0.06,0.05,0.19,0.01,0.00,0.04,Public,,1.00
Centerville High School,Centerville,Ohio,Montgomery,Dayton,39.6267202,-84.148104,40,10,0.25,4,0.40,2803,1297,24.1,15,No,23703,71221,0.11,0.76,0.07,0.03,0.09,0.00,0.00,0.05,Public,,1.00
Carlmont High School,Belmont,California,San Mateo,San Francisco,37.5051047,-122.28864,40,7,0.18,3,0.43,2216,1320,29,19,No,27110,135342,0.12,0.52,0.01,0.14,0.24,0.00,0.01,0.07,Public,,1.00
Vernon Hills High School,Vernon Hills,Illinois,Lake,Chicago,42.2271439,-87.949122,40,10,0.25,3,0.30,1459,1208,25.8,26,No,26521,97366,0.10,0.59,0.03,0.14,0.22,0.00,0.01,0.02,Public,,1.00
Montclair High School,Montclair,New Jersey,Essex,New York,40.8231631,-74.213166,40,6,0.15,3,0.50,2081,1152,24.8,27,No,38564,117151,0.17,0.50,0.27,0.13,0.06,0.00,0.00,0.05,Public,,1.00
Northern Highlands Regional Hs,Allendale,New Jersey,Bergen,New York,41.0384302,-74.143477,40,9,0.23,3,0.33,1377,1262,27.25,20,No,6505,158977,0.01,0.78,0.02,0.06,0.14,0.00,0.00,0.01,Public,,1.00
Saint Ignatius College Prep Sc,San Francisco,California,San Francisco,San Francisco,37.7469292,-122.49639,40,6,0.15,2,0.33,1485,1238,26.43,13,No,,,,0.49,0.06,0.15,0.17,0.00,0.00,0.13,Private Religious,Enrollment for 6-12; Scores for Class of 2020,1.00
Summit High School,Summit,New Jersey,Union,New York,40.720826,-74.370995,40,7,0.18,2,0.29,1169,1217,28.1,26,No,21897,146755,0.14,0.64,0.04,0.18,0.08,0.00,0.00,0.06,Public,,1.00
Beverly Hills High School,Beverly Hills,California,Los Angeles,Los Angeles,34.0612109,-118.41108,40,11,0.28,2,0.18,1384,1271,27.2,18,No,33792,103403,0.17,0.71,0.03,0.10,0.12,0.00,0.00,0.03,Public,,1.00
Lincoln Park High School,Chicago,Illinois,Cook,Chicago,41.9189075,-87.645813,40,6,0.15,1,0.17,2104,1180,26,23,Yes,23385,108207,0.47,0.29,0.21,0.33,0.12,0.00,0.00,0.04,Public,,1.00
American High School,Fremont,California,Alameda,San Francisco,37.565347,-122.01648,40,3,0.08,0,0.00,2448,1370,31,16,No,233083,127374,0.20,0.13,0.03,0.08,0.71,0.00,0.00,0.04,Public,,1.00
Oakton High School,Vienna,Virginia,Fairfax,"Washington, D.C.",38.8787187,-77.282046,40,4,0.10,0,0.00,2749,1222,27.2,25,No,15687,155490,0.12,0.47,0.05,0.11,0.31,0.00,0.00,0.05,Public,,1.00
Spring Lake High School,Spring Lake,Michigan,Ottawa,Grand Rapids,38.7028981,-75.086655,39,14,0.36,9,0.64,871,1200,26,36,Yes,15008,63941,0.15,0.92,0.01,0.03,0.02,0.00,0.00,0.02,Public,,1.00
Deerfield Academy,Deerfield,Massachusetts,Franklin,Springfield,42.5462615,-72.606707,39,11,0.28,4,0.36,650,1371,30,8,No,,,,,,,,,,,Private Secular,,0.00
Tamalpais High School,Mill Valley,California,Marin,San Francisco,37.8906124,-122.52773,39,8,0.21,3,0.38,1591,1270,30,17,No,14343,158839,0.10,0.69,0.03,0.10,0.08,0.00,0.01,0.08,Public,,1.00
Foothill High School,Pleasanton,California,Alameda,San Francisco,37.672703,-121.91986,39,6,0.15,2,0.33,2178,1330,30,26,No,81777,148852,0.10,0.39,0.02,0.10,0.42,0.00,0.00,0.05,Public,,1.00
Marlboro High School,Marlboro,New Jersey,Monmouth,New York,40.3290603,-74.246348,39,4,0.10,2,0.50,1822,1208,26.4,21,No,39640,147594,0.04,0.72,0.02,0.06,0.18,0.00,0.00,0.02,Public,,1.00
Arcadia High School,Arcadia,California,Los Angeles,Los Angeles,34.1296343,-118.03637,39,6,0.15,1,0.17,3161,1304,29,19,No,57939,92102,0.26,0.13,0.02,0.14,0.69,0.00,0.00,0.01,Public,,1.00
Prospect High School,Mt Prospect,Illinois,Cook,Chicago,42.0791941,-87.950347,39,8,0.21,1,0.13,2122,1174,25,25,No,53719,73652,0.07,0.75,0.01,0.13,0.07,0.00,0.00,0.03,Public,,1.00
Sage Hill School,Newport Coast,California,Orange,Los Angeles,33.6149441,-117.82599,39,12,0.31,1,0.08,520,1370,31,0,No,,,,0.51,0.03,0.10,0.34,0.01,0.00,0.02,Private Secular,,1.00
South Lyon High School,South Lyon,Michigan,Oakland,Detroit,42.47346,-83.650562,38,15,0.39,10,0.67,1290,1240,27,14,No,11821,67327,0.13,0.89,0.01,0.04,0.03,0.00,0.00,0.02,Public,,1.00
New Canaan High School,New Canaan,Connecticut,Fairfield,New York,41.1285846,-73.489421,38,9,0.24,7,0.78,1284,1300,30,27, No,20273,192428,0.00,0.85,0.02,0.04,0.06,0.00,0.00,0.02,Public,,1.00
Adlai E Stevenson,Sterling Heights,Michigan,Macomb,Detroit,42.5865584,-83.013528,38,12,0.32,7,0.58,1969,1066,,24,No,,,0.45,0.84,0.06,0.02,0.06,0.00,0.00,0.02,Public,,1.00
Montgomery Blair High School,Silver Spring,Maryland,Montgomery,"Washington, D.C.",39.0182971,-77.011472,38,11,0.29,3,0.27,3196,1280,30,27,No,8566,125000,0.33,0.24,0.24,0.34,0.14,0.00,0.00,0.04,Public,,1.00
Plano West Senior High School,Plano,Texas,Collin,Dallas,33.0467549,-96.814099,38,6,0.16,3,0.50,2741,1310,29,25,No,284579,92121,0.17,0.42,0.12,0.16,0.27,0.00,0.00,0.03,Public,,1.00
Northview High School,Johns Creek,Georgia,Fulton,Atlanta,34.0391198,-84.177628,38,6,0.16,1,0.17,1778,1360,31,23,No,83637,116070,0.06,0.25,0.13,0.05,0.53,0.00,0.00,0.03,Public,,1.00
Newark Academy,Livingston,New Jersey,Essex,New York,40.7778518,-74.359663,38,6,0.16,1,0.17,438,1410,32,4,Yes,,,,,,,,,,,Private Secular,,0.00
Noble Street College Prep,Chicago,Illinois,Cook,Chicago,41.9000736,-87.662873,37,18,0.49,9,0.50,615,1090,23,6,No,2693976,55198,0.89,0.01,0.20,0.78,0.00,0.00,0.00,0.01,Public,,1.00
Haslett High School,Haslett,Michigan,Ingham,Lansing,42.739045,-84.406376,37,14,0.38,8,0.57,873,1260,28,7,No,19220,65458,0.21,0.76,0.06,0.09,0.04,0.00,0.00,0.05,Public,,1.00
Divine Child High School,Dearborn,Michigan,Wayne,Detroit,42.3186808,-83.283265,37,12,0.32,8,0.67,855,1230,28,18,No,,,,0.81,0.02,0.05,0.04,0.00,0.02,0.05,Private Religious,,1.00
Plainview-Old Bethpage Jfk Hs,Plainview,New York,Nassau,New York,40.7827664,-73.45954,37,13,0.35,8,0.62,1535,1269,26.9,27,No,26217,143534,0.10,0.74,0.00,0.05,0.21,0.00,0.00,0.01,Public,,1.00
Calabasas High School,Calabasas,California,Los Angeles,Los Angeles,34.139039,-118.627738,37,10,0.27,6,0.60,2005,,,16,No,23853,119926,0.12,0.78,0.04,0.09,0.06,0.00,0.00,0.02,Public,,1.00
Milford High School,Highland,Michigan,Oakland,Detroit,42.617976,-83.622489,37,11,0.30,6,0.55,1367,1190,27,13,No,16905,80726,0.22,0.92,0.01,0.03,0.02,0.00,0.00,0.02,Public,,1.00
Howell High School,Howell,Michigan,Livingston,Detroit,42.614725,-83.952853,37,7,0.19,5,0.71,2200,1150,26,16,No,9597,45760,0.22,0.93,0.01,0.03,0.01,0.01,0.00,0.01,Public,,1.00
Berkeley High School,Berkeley,California,Alameda,San Francisco,37.867678,-122.271503,37,8,0.22,4,0.50,3154,,24.75,23,Yes,121363,80912,0.26,0.42,0.14,0.22,0.09,0.00,0.00,0.13,Public,,1.00
Cherry Hill High School East,Cherry Hill,New Jersey,Camden,Philadelphia,39.8764594,-74.964009,37,6,0.16,3,0.50,2196,1280,28,23,No,6346,72232,0.12,0.61,0.06,0.06,0.24,0.00,0.00,0.03,Public,,1.00
Zionsville Community Hs,Zionsville,Indiana,Boone,Indianapolis,39.961844,-86.273887,37,7,0.19,2,0.29,2065,1270,29,18,No,28357,132409,0.07,0.84,0.02,0.05,0.05,0.00,0.00,0.04,Public,,1.00
Darien High School,Darien,Connecticut,Fairfield,New York,41.0850166,-73.490628,37,5,0.14,2,0.40,1417,1310,30,24,No,21759,210511,0.03,0.87,0.01,0.05,0.05,0.00,0.00,0.01,Public,,1.00
Palos Verdes High School,Palos Verdes Estates,California,Los Angeles,Los Angeles,33.781603,-118.41933,37,9,0.24,2,0.22,1682,1227,26,30,No,13273,175000,0.05,0.61,0.02,0.13,0.16,0.00,0.00,0.08,Public,,1.00
Choate Rosemary Hall,Wallingford,Connecticut,New Haven,New Haven,41.4585582,-72.81158,37,5,0.14,1,0.20,850,1397,31.6,30,No,,,,0.54,0.09,0.06,0.22,0.00,0.00,0.08,Private Boarding,,1.00
James B Conant High School,Hoffman Estates,Illinois,Cook,Chicago,42.0373274,-88.062762,37,3,0.08,1,0.33,2334,1104,,32,No,50932,89666,0.28,0.47,0.04,0.17,0.28,0.00,0.00,0.03,Public,,1.00
McLean High School,McLean,Virginia,Fairfax,"Washington, D.C.",38.923565,-77.185227,37,5,0.14,0,0.00,2275,1340,30,24,No,48115,201570,0.08,0.55,0.03,0.11,0.24,0.00,0.00,0.05,Public,,1.00
Heritage High School,Saginaw,Michigan,Saginaw,Saginaw,43.456315,-84.015642,36,16,0.44,13,0.81,1479,1160,26,13,Yes,48115,29885,0.38,0.61,0.18,0.11,0.06,0.00,0.00,0.03,Public,,1.00
Hudsonville High School,Hudsonville,Michigan,Ottawa,Grand Rapids,42.861101,-85.861864,36,8,0.22,6,0.75,1378,1190,26,14,No,7348,62500,0.18,0.88,0.02,0.05,0.02,0.00,0.00,0.02,Public,,1.00
Westford Academy,Westford,Massachusetts,Middlesex,Boston,42.5760276,-71.463758,36,8,0.22,3,0.38,1724,1310,31,18,No,24194,141173,,0.71,0.01,0.02,0.23,0.00,0.00,0.04,Public,,1.00
Fenwick High School,Oak Park,Illinois,Cook,Chicago,41.8813784,-87.788491,36,5,0.14,3,0.60,1196,1230,29,0,No,,,,0.70,0.06,0.17,0.02,0.00,0.00,0.04,Private Religious,,1.00
Kent School,Kent,Connecticut,Litchfield,Torrington,41.726828,-73.48278,36,7,0.19,1,0.14,590,,,28,No,,,,,,,,,,,Private Secular,,0.00
Arnold O Beckman High School,Irvine,California,Orange,Los Angeles,33.717504,-117.782465,36,9,0.25,1,0.11,3031,1300,30.3,24,No,287401,100969,0.23,0.30,0.02,0.22,0.42,0.00,0.00,0.04,Public,,1.00
Bellarmine College Preparatory,San Jose,California,Santa Clara,San Jose,37.3427659,-121.91811,36,7,0.19,1,0.14,1655,1346,30,22,No,,,,,,,,,,,Private Religious,Scores for Class of 2020,0.00
Buckingham Browne & Nichols Sc,Cambridge,Massachusetts,Middlesex,Boston,42.370647,-71.135685,36,7,0.19,0,0.00,531,1395,32,16,No,,,,,,,,,,,Private Secular,Stats for Class of 2020,0.00
Irvington High School,Fremont,California,Alameda,San Francisco,37.5248864,-121.96684,36,4,0.11,0,0.00,2294,1380,32,19,No,233083,127374,0.17,0.11,0.01,0.09,0.76,0.00,0.00,0.02,Public,,1.00
Gulliver Preparatory School,Miami,Florida,Miami-Dade,Miami,25.7169147,-80.325351,36,15,0.42,0,0.00,768,1320,29,0,No,,,,0.46,0.04,0.45,0.04,0.01,0.01,0.00,Private Secular,,1.00
Evergreen Valley High School,San Jose,California,Santa Clara,San Jose,37.322793,-121.77905,36,3,0.08,0,0.00,2961,1330,31,23,No,67820,144266,0.16,0.04,0.01,0.14,0.78,0.00,0.00,0.03,Public,,1.00